"category_number","subcategory_letter","category_name","style_name","og_min","og_max","fg_min","fg_max","ibu_min","ibu_max","srm_min","srm_max","abv_min","abv_max","description","extraction_status","source_markdown"
"1","A","Standard American Beer","American Light Lager","1.028","1.040","0.998","1.008","8","12","2","3","2.8","4.2","** A highly carbonated, very light-bodied, nearly flavorless lager designed to be consumed very cold. Very refreshing and thirst-quenching. **","parsed","BJCP_2021_GUIDELINES.md"
"1","C","Standard American Beer","Cream Ale","1.042","1.055","1.006","1.012","8","20","2","5","4.2","5.6","** A clean, well-attenuated, highly carbonated, flavorful American â€œlawnmowerâ€ beer. Easily drinkable, smooth, and refreshing, with more character than typical American lagers, yet still subtle and restrained. **","parsed","BJCP_2021_GUIDELINES.md"
"1","D","Standard American Beer","American Wheat Beer","1.040","1.055","1.008","1.013","15","30","3","6","4.0","5.5","** A pale, refreshing grainy, doughy, or bready wheat beer with a clean fermentation profile and a variable hop character and bitterness. Its lighter body and higher carbonation contribute to its easy-drinking nature. **","parsed","BJCP_2021_GUIDELINES.md"
"2","A","International Lager","International Pale Lager","1.042","1.050","1.008","1.012","18","25","2","6","4.5","6.0","** A highly-attenuated pale lager without strong flavors, typically well-balanced and highly carbonated. Served cold, it is refreshing and thirst-quenching. **","parsed","BJCP_2021_GUIDELINES.md"
"2","C","International Lager","International Dark Lager","1.044","1.056","1.008","1.012","8","20","14","30","4.2","6.0","** A darker, richer, and somewhat sweeter version of international pale lager with a little more body and flavor, but equally restrained in bitterness. The low bitterness leaves the malt as the primary flavor element, and the low hop levels provide very little in the way of balance. **","parsed","BJCP_2021_GUIDELINES.md"
"3","A","Czech Lager","Czech Pale Lager","1.028","1.044","1.008","1.014","20","35","3","6","3.0","4.1","** A lighter-bodied, rich, refreshing, hoppy, bitter pale Czech lager having the familiar flavors of the stronger Czech Premium Pale Lager (Pilsner-type) beer but in a lower alcohol, lighter-bodied, and slightly less intense format. **","parsed","BJCP_2021_GUIDELINES.md"
"3","B","Czech Lager","Czech Premium Pale Lager","1.044","1.060","1.013","1.017","30","45","3.5","6","4.2","5.8","** A refreshing pale Czech lager with considerable malt and hop character and a long finish. The malt flavors are complex for a Pilsner-type beer. The bitterness is strong and clean but lacks harshness, which gives a well-balanced, rounded flavor impression that enhances drinkability. **","parsed","BJCP_2021_GUIDELINES.md"
"3","C","Czech Lager","Czech Amber Lager","1.044","1.060","1.013","1.017","20","35","10","16","4.4","5.8","** A malty amber Czech lager with a hop character that can vary from low to quite significant. The malt flavors also can vary, leading to different interpretations and balances ranging from drier, bready, and slightly biscuity to sweeter and somewhat caramel-like. **","parsed","BJCP_2021_GUIDELINES.md"
"3","D","Czech Lager","Czech Dark Lager","1.044","1.060","1.013","1.017","18","34","17","35","4.4","5.8","** A rich, dark, malty Czech lager with a roast character that can vary from almost absent to quite prominent. Malty balance and an interesting and complex flavor profile, with variable levels of hopping that provides a range of possible interpretations. **","parsed","BJCP_2021_GUIDELINES.md"
"4","A","Pale Malty European Lager","Munich Helles","1.044","1.048","1.006","1.012","16","22","3","5","4.7","5.4","** A gold-colored German lager with a smooth, malty flavor and a soft, dry finish. Subtle spicy, floral, or herbal hops and restrained bitterness help keep the balance malty but not sweet, which helps make this beer a refreshing, everyday drink. **","parsed","BJCP_2021_GUIDELINES.md"
"4","C","Pale Malty European Lager","Helles Bock","1.064","1.072","1.011","1.018","23","35","6","9","6.3","7.4","** A relatively pale, strong, malty German lager with a nicely attenuated finish that enhances drinkability. The hop character is generally more apparent and the malt character less deeply rich than in other Bocks. **","parsed","BJCP_2021_GUIDELINES.md"
"5","A","Pale Bitter European Beer","German Leichtbier","1.026","1.034","1.006","1.010","15","28","1.5","4","2.4","3.6","** A pale, highly-attenuated, light-bodied German lager with lower alcohol and calories than standard-strength beers. Moderately bitter with noticeable malt and hop flavors, the beer is still interesting to drink. **","parsed","BJCP_2021_GUIDELINES.md"
"5","B","Pale Bitter European Beer","KÃ¶lsch","1.044","1.050","1.007","1.011","18","30","3.5","5","4.4","5.2","** A subtle, brilliantly clear, pale beer with a delicate balance of malt, fruit, and hop character, moderate bitterness, and a well-attenuated but soft finish. Freshness makes a huge difference with this beer, as the delicate character can fade quickly with age. **","parsed","BJCP_2021_GUIDELINES.md"
"5","C","Pale Bitter European Beer","German Helles Exportbier","1.050","1.058","1.008","1.015","20","30","4","6","5.0","6.0","** A golden German lager balancing a smooth malty profile with a bitter, hoppy character in a slightly above-average body and strength beer. **","parsed","BJCP_2021_GUIDELINES.md"
"5","D","Pale Bitter European Beer","German Pils","1.044","1.050","1.008","1.013","22","40","2","4","4.4","5.2","** A pale, dry, bitter German lager featuring a prominent hop aroma. Crisp, clean, and refreshing, showing a brilliant gold color with excellent head retention. **","parsed","BJCP_2021_GUIDELINES.md"
"6","A","Amber Malty European Lager","MÃ¤rzen","1.054","1.060","1.010","1.014","18","24","8","17","5.6","6.3","** An amber, malty German lager with a clean, rich, toasty, bready malt flavor, restrained bitterness, and a well-attenuated finish. The overall malt impression is soft, elegant, and complex, with a rich malty aftertaste that is never cloying or heavy. **","parsed","BJCP_2021_GUIDELINES.md"
"6","B","Amber Malty European Lager","Rauchbier","1.050","1.057","1.012","1.016","20","30","12","22","4.8","6","** A beechwood-smoked, malty, amber German lager. The expected MÃ¤rzen profile of toasty-rich malt, restrained bitterness, clean fermentation, and a relatively dry finish is enhanced by a noticeable to intense smoke character. **","parsed","BJCP_2021_GUIDELINES.md"
"6","C","Amber Malty European Lager","Dunkles Bock","1.064","1.072","1.013","1.019","20","27","14","22","6.3","7.2","** A strong, dark, malty German lager beer that emphasizes the malty-rich and somewhat toasty qualities of continental malts without being sweet in the finish. **","parsed","BJCP_2021_GUIDELINES.md"
"7","A","Amber Bitter European Beer","Vienna Lager","1.048","1.055","1.010","1.014","18","30","9","15","4.7","5.5","** A moderate-strength continental amber lager with a soft, smooth maltiness and a balanced, moderate bitterness, yet finishing relatively dry. The malt flavor is clean, bready-rich, and somewhat toasty, with an elegant impression derived from quality base malts and process, not specialty malts or adjuncts. **","parsed","BJCP_2021_GUIDELINES.md"
"7","B","Amber Bitter European Beer","Altbier","1.044","1.052","1.008","1.014","25","50","9","17","4.3","5.5","** A moderately colored, well-attenuated, bitter beer with a rich maltiness balancing a strong bitterness. Light and spicy hop character complements the malt. A dry beer with a firm body and smooth palate. **","parsed","BJCP_2021_GUIDELINES.md"
"8","A","Dark European Lager","Munich Dunkel","1.048","1.056","1.010","1.016","18","28","17","28","4.5","5.6","** A traditional malty brown lager from Bavaria. Deeply toasted, bready malt flavors without any roasty or burnt flavors. Smooth and rich, with a restrained bitterness and a relatively dry finish that allows for drinking in quantity. **","parsed","BJCP_2021_GUIDELINES.md"
"8","B","Dark European Lager","Schwarzbier","1.046","1.052","1.010","1.016","20","35","19","30","4.4","5.4","** A dark German lager that balances roasted yet smooth malt flavors with moderate hop bitterness. The lighter body, dryness, and lack of a harsh, burnt, or heavy aftertaste helps make this beer quite drinkable. **","parsed","BJCP_2021_GUIDELINES.md"
"9","A","Strong European Beer","Doppelbock","1.072","1.112","1.016","1.024","16","26","6","25","7.0","10.0","** A strong, rich, and very malty German lager that can have both pale and dark variants. The darker versions have more richly-developed, deeper malt flavors, while the paler versions have slightly more hops and dryness. **","parsed","BJCP_2021_GUIDELINES.md"
"9","B","Strong European Beer","Eisbock","1.078","1.120","1.020","1.035","25","35","17","30","9.0","14.0","** A strong, full-bodied, rich, and malty dark German lager often with a viscous quality and strong flavors. Even though flavors are concentrated, the alcohol should be smooth and warming, not burning. **","parsed","BJCP_2021_GUIDELINES.md"
"9","C","Strong European Beer","Baltic Porter","1.060","1.090","1.016","1.024","20","40","17","30","6.5","9.5","** A strong, dark, malty beer with different interpretations within the Baltic region. Smooth, warming, and richly malty, with complex dark fruit flavors and a roasted flavor without burnt notes. **","parsed","BJCP_2021_GUIDELINES.md"
"10","A","German Wheat Beer","Weissbier","1.044","1.053","1.008","1.014","8","15","2","6","4.3","5.6","** A pale, refreshing, lightly-hopped German wheat beer with high carbonation, dry finish, fluffy mouthfeel, and a distinctive banana-and-clove weizen yeast fermentation profile. **","parsed","BJCP_2021_GUIDELINES.md"
"10","B","German Wheat Beer","Dunkles Weissbier","1.044","1.057","1.008","1.014","10","18","14","23","4.3","5.6","** A moderately dark German wheat beer with a distinctive banana-and-clove weizen yeast fermentation profile, supported by a toasted bread or caramel malt flavor. Highly carbonated and refreshing, with a creamy, fluffy texture and light finish. **","parsed","BJCP_2021_GUIDELINES.md"
"10","C","German Wheat Beer","Weizenbock","1.064","1.090","1.015","1.022","15","30","6","25","6.5","9.0","** A strong and malty German wheat beer combining the best wheat and yeast flavors of a Weissbier with the rich maltiness, strength, and body of a Bock. The style range includes Bock and Doppelbock strength, with variations for pale and dark color. **","parsed","BJCP_2021_GUIDELINES.md"
"11","A","British Bitter","Ordinary Bitter","1.030","1.039","1.007","1.011","25","35","8","14","3.2","3.8","** Low gravity, alcohol, and carbonation make this an easy-drinking session beer. The malt profile can vary in flavor and intensity, but should never override the overall bitter impression. Drinkability is a critical component of the style. **","parsed","BJCP_2021_GUIDELINES.md"
"11","B","British Bitter","Best Bitter","1.040","1.048","1.008","1.012","25","40","8","16","3.8","4.6","** A flavorful, yet refreshing, session beer. Some examples can be more malt balanced, but this should not override the overall bitter impression. Drinkability is a critical component of the style. **","parsed","BJCP_2021_GUIDELINES.md"
"11","C","British Bitter","Strong Bitter","1.048","1.060","1.010","1.016","30","50","8","18","4.6","6.2","** An average-strength to moderately-strong British bitter ale. The balance may vary between fairly even between malt and hops to somewhat bitter. Drinkability is a critical component of the style. A rather broad style that allows for considerable interpretation by the brewer. **","parsed","BJCP_2021_GUIDELINES.md"
"12","A","Pale Commonwealth Beer","British Golden Ale","1.038","1.053","1.006","1.012","20","45","2","5","3.8","5.0","** A hop-forward, average-strength to moderately-strong pale bitter. Drinkability and a refreshing quality are critical components of the style, as it was initially a summer seasonal beer. **","parsed","BJCP_2021_GUIDELINES.md"
"12","B","Pale Commonwealth Beer","Australian Sparkling Ale","1.038","1.050","1.004","1.006","20","35","4","7","4.5","6.0","** A well-balanced, pale, highly-carbonated, and refreshing ale suitable for drinking in a hot climate. Fairly bitter, with a moderate herbal-spicy hop and pome fruit ester profile. Smooth, neutral malt flavors with a fuller body but a crisp, highly-attenuated finish. **","parsed","BJCP_2021_GUIDELINES.md"
"12","C","Pale Commonwealth Beer","English IPA","1.050","1.070","1.010","1.015","40","60","6","14","5.0","7.5","** A bitter, moderately-strong, very well-attenuated pale British ale with a dry finish and a hoppy aroma and flavor. Classic British ingredients provide the most authentic flavor profile. **","parsed","BJCP_2021_GUIDELINES.md"
"13","A","Brown British Beer","Dark Mild","1.030","1.038","1.008","1.013","10","25","14","25","3.0","3.8","** A dark, low-gravity, malt-focused British session ale readily suited to drinking in quantity. Refreshing, yet flavorful for its strength, with a wide range of dark malt or dark sugar expression. **","parsed","BJCP_2021_GUIDELINES.md"
"13","B","Brown British Beer","British Brown Ale","1.040","1.052","1.008","1.013","20","30","12","22","4.2","5.9","** A malty, caramelly, brown British ale without the roasted flavors of a Porter. Balanced and flavorful, but usually a little stronger than most average UK beers. **","parsed","BJCP_2021_GUIDELINES.md"
"13","C","Brown British Beer","English Porter","1.040","1.052","1.008","1.014","18","35","20","30","4.0","5.4","** A moderate-strength dark brown English ale with a restrained roasty, bitter character. May have a range of roasted flavors, generally without burnt qualities, and often has a malty chocolate and caramel profile. **","parsed","BJCP_2021_GUIDELINES.md"
"14","A","Scottish Ale","Scottish Light","1.030","1.035","1.010","1.013","10","20","17","25","2.5","3.3","** A low-alcohol, malty beer with light caramel, toast, toffee, and fruit flavors. A slight roast dryness offsets the residual sweetness in the finish, with the bitterness perceived only to keep the beer from being cloying. **","parsed","BJCP_2021_GUIDELINES.md"
"14","B","Scottish Ale","Scottish Heavy","1.035","1.040","1.010","1.015","10","20","12","20","3.3","3.9","** A lower-alcohol, malty beer with light caramel, toast, toffee, and fruity flavors. A slight roast dryness offsets the residual sweetness in the finish, with the bitterness perceived only to keep the beer from being cloying. **","parsed","BJCP_2021_GUIDELINES.md"
"14","C","Scottish Ale","Scottish Export","1.040","1.060","1.010","1.016","15","30","12","20","3.9","6.0","** A moderate-strength, malty beer with light caramel, toast, toffee, and fruit flavors. A slight roast dryness offsets the residual sweetness in the finish, with the bitterness perceived only to keep the beer from being cloying. **","parsed","BJCP_2021_GUIDELINES.md"
"15","A","Irish Beer","Irish Red Ale","1.036","1.046","1.010","1.014","18","28","9","14","3.8","5.0","** An easy-drinking pint, often with subtle flavors. Slightly malty in the balance sometimes with an initial soft toffee or caramel sweetness, a slightly grainy-biscuity palate, and a touch of roasted dryness in the finish. Some versions can emphasize the caramel and sweetness more, while others will favor the grainy palate and roasted dryness. **","parsed","BJCP_2021_GUIDELINES.md"
"15","B","Irish Beer","Irish Stout","1.036","1.044","1.007","1.011","25","45","25","40","3.8","5.0","** A black beer with a pronounced roasted flavor, often similar to coffee. The balance can range from fairly even to quite bitter, with the more balanced versions having a little malty sweetness and the bitter versions being quite dry. Draught versions typically are creamy from a nitro pour, but bottled versions will not have this dispense-derived character. The roasted flavor can range from dry and coffee-like to somewhat chocolaty. **","parsed","BJCP_2021_GUIDELINES.md"
"15","C","Irish Beer","Irish Extra Stout","1.052","1.062","1.010","1.014","35","50","30","40","5.0","6.5","** A fuller-bodied black beer with a pronounced roasted flavor, often similar to coffee and dark chocolate with some malty complexity. The balance can range from moderately bittersweet to bitter, with the more balanced versions having up to moderate malty richness and the bitter versions being quite dry. **","parsed","BJCP_2021_GUIDELINES.md"
"16","A","Dark British Beer","Sweet Stout","1.044","1.060","1.012","1.024","20","40","30","40","4.0","6.0","** A very dark, sweet, full-bodied, slightly roasty stout that can suggest coffee-and-cream, or sweetened espresso. **","parsed","BJCP_2021_GUIDELINES.md"
"16","B","Dark British Beer","Oatmeal Stout","1.045","1.065","1.010","1.018","25","40","22","40","4.2","5.9","** A dark, roasty, full-bodied stout with enough sweetness to support the oat backbone. The sweetness, balance, and oatmeal impression can vary considerably. **","parsed","BJCP_2021_GUIDELINES.md"
"16","C","Dark British Beer","Tropical Stout","1.056","1.075","1.010","1.018","30","50","30","40","5.5","8.0","** A very dark, sweet, fruity, moderately strong stout with smooth, roasty flavors, yet no burnt harshness. **","parsed","BJCP_2021_GUIDELINES.md"
"16","D","Dark British Beer","Foreign Extra Stout","1.056","1.075","1.010","1.018","50","70","30","40","6.3","8.0","** A very dark, rich, moderately strong, fairly dry stout with prominent roast flavors. **","parsed","BJCP_2021_GUIDELINES.md"
"17","A","Strong British Ale","British Strong Ale","1.055","1.080","1.015","1.022","30","60","8","22","5.5","8.0","** An ale of respectable alcoholic strength, traditionally bottled-conditioned and cellared. Can have a wide range of interpretations, but most will have varying degrees of malty richness, late hops and bitterness, fruity esters, and alcohol warmth. The malt and adjunct flavors and intensity can vary widely, but any combination should result in an agreeable palate experience. **","parsed","BJCP_2021_GUIDELINES.md"
"17","B","Strong British Ale","Old Ale","1.055","1.088","1.015","1.022","30","60","10","22","5.5","9.0","** A stronger-than-average English ale, though usually not as strong or rich as an English Barley Wine, but usually malty. Warming. Shows positive maturation effects of a well-kept, aged beer. **","parsed","BJCP_2021_GUIDELINES.md"
"17","C","Strong British Ale","Wee Heavy","1.070","1.130","1.018","1.040","17","35","14","25","6.5","10.0","** Rich, sweet malt depth with caramel, toffee, and fruity flavors. Full-bodied and chewy, with warming alcohol. Restrained bitterness, but not cloying or syrupy. **","parsed","BJCP_2021_GUIDELINES.md"
"17","D","Strong British Ale","English Barley Wine","1.080","1.120","1.018","1.030","35","70","8","22","8.0","12.0","** A strong and richly malty ale with a pleasant fruity or hoppy depth. A wintertime sipper with a full, chewy body and warming alcohol. **","parsed","BJCP_2021_GUIDELINES.md"
"18","A","Pale American Ale","Blonde Ale","1.038","1.054","1.008","1.013","15","28","3","6","3.8","5.5","** Easy-drinking, approachable, malt-oriented American craft beer, often with interesting fruit, hop, or character malt notes. Well-balanced and clean, is a refreshing pint without aggressive flavors. **","parsed","BJCP_2021_GUIDELINES.md"
"18","B","Pale American Ale","American Pale Ale","1.045","1.060","1.010","1.015","30","50","5","10","4.5","6.2","** An average-strength, hop-forward, pale American craft beer with sufficient supporting malt to make the beer balanced and drinkable. The clean hop presence can reflect classic or modern American or New World hop varieties with a wide range of characteristics. **","parsed","BJCP_2021_GUIDELINES.md"
"19","A","Amber and Brown American Beer","American Amber Ale","1.045","1.060","1.010","1.015","25","40","10","17","4.5","6.2","** An amber, hoppy, moderate-strength American craft beer with a malty caramel flavor. The balance can vary quite a bit, with some versions being fairly malty and others being aggressively hoppy. Hoppy and bitter versions should not have clashing flavors with the caramel malt profile. **","parsed","BJCP_2021_GUIDELINES.md"
"19","B","Amber and Brown American Beer","California Common","1.048","1.054","1.011","1.014","30","45","9","14","4.5","5.5","** A toasty and caramelly, fairly bitter, standard-strength beer with an interesting fruitiness and rustic, woody hop character. Smooth and well carbonated. **","parsed","BJCP_2021_GUIDELINES.md"
"19","C","Amber and Brown American Beer","American Brown Ale","1.045","1.060","1.010","1.016","20","30","18","35","4.3","6.2","** A malty but hoppy standard-strength American ale frequently with chocolate and caramel flavors. The hop flavor and aroma complement and enhance the malt rather than clashing with it. **","parsed","BJCP_2021_GUIDELINES.md"
"20","A","American Porter and Stout","American Porter","1.050","1.070","1.012","1.018","25","50","22","40","4.8","6.5","** A malty, bitter, and often somewhat hoppy dark beer with a balanced, roasted, and frequently chocolatey character. **","parsed","BJCP_2021_GUIDELINES.md"
"20","B","American Porter and Stout","American Stout","1.050","1.075","1.010","1.022","35","75","30","40","5.0","7.0","** A fairly strong, highly roasted, bitter, hoppy dark stout. The body and dark flavors typical of stouts with a more aggressive American hop character and bitterness. **","parsed","BJCP_2021_GUIDELINES.md"
"20","C","American Porter and Stout","Imperial Stout","1.075","1.115","1.018","1.030","50","90","30","40","8.0","12.0","** An intensely-flavored, very strong, very dark stout with a broad range of interpretations. Roasty-burnt malt with a depth of dark or dried fruit flavors, and a warming, bittersweet finish. Despite the intense flavors, the components need to meld together to create a complex, harmonious beer, not a hot mess â€“ sometimes only accomplished with age. **","parsed","BJCP_2021_GUIDELINES.md"
"21","A","IPA","American IPA","1.056","1.070","1.008","1.014","40","70","6","14","5.5","7.5","** A decidedly hoppy and bitter, moderately strong, pale American ale. The balance is hop-forward, with a clean fermentation profile, dryish finish, and clean, supporting malt allowing a creative range of hop character to shine through. **","parsed","BJCP_2021_GUIDELINES.md"
"21","B","IPA","Specialty IPA","1.058","1.080","1.008","1.016","50","100","5","8","6.2","9.5","** Recognizable as an IPA by balance â€“ a hop-forward, bitter, dryish beer â€“ with something else present to distinguish it from the standard categories. Should have good drinkability, regardless of the form. Excessive harshness and heaviness are typically faults, as are strong flavor clashes between the hops and the other specialty ingredients. **","parsed","BJCP_2021_GUIDELINES.md"
"21","C","IPA","Hazy IPA","1.060","1.085","1.010","1.015","25","60","3","7","6.0","9.0","** An American IPA with intense fruit flavors and aromas, a soft body, smooth mouthfeel, and often opaque with substantial haze. Less perceived bitterness than traditional IPAs but always massively hop-forward. **","parsed","BJCP_2021_GUIDELINES.md"
"22","A","Strong American Ale","Double IPA","1.065","1.085","1.008","1.018","60","100","6","14","7.5","10.0","** An intensely hoppy, fairly strong, bitter pale ale without the big, rich, complex maltiness, residual sweetness, and body of an American Barleywine. Strongly hopped, but clean, dry, and lacking harshness. Despite showing its strength, drinkability is an important consideration. **","parsed","BJCP_2021_GUIDELINES.md"
"22","B","Strong American Ale","American Strong Ale","1.062","1.090","1.014","1.024","50","100","7","18","6.3","10.0","** A malty, bitter, and strong American Ale fitting in the space between American Barleywine, Double IPA, and Red IPA. The malty and hoppy flavors can be quite strong, but are generally in balance. **","parsed","BJCP_2021_GUIDELINES.md"
"22","C","Strong American Ale","American Barleywine","1.080","1.120","1.016","1.030","50","100","9","18","8.0","12.0","** A very strong, malty, hoppy, bitter American ale with a rich palate, full mouthfeel, and warming aftertaste, suitable for contemplative sipping. **","parsed","BJCP_2021_GUIDELINES.md"
"22","D","Strong American Ale","Wheatwine","1.080","1.120","1.016","1.030","30","60","6","14","8.0","12.0","** A richly textured, high alcohol sipping beer with a significant grainy, bready flavor, and a sleek body. The emphasis is first on the bready, wheaty flavors with malt, hops, fruity yeast, and alcohol complexity. **","parsed","BJCP_2021_GUIDELINES.md"
"23","A","European Sour Ale","Berliner Weisse","1.028","1.032","1.003","1.006","3","8","2","3","2.8","3.8","** A very pale, refreshing, low-alcohol German wheat beer with a clean lactic sourness and a very high carbonation level. A light bread dough malt flavor supports the sourness, which shouldnâ€™t seem artificial. A gentle fruitiness is found in the best examples. **","parsed","BJCP_2021_GUIDELINES.md"
"23","B","European Sour Ale","Flanders Red Ale","1.048","1.057","1.002","1.012","10","25","10","17","4.6","6.5","** A sour and fruity oak-aged reddish-brown Belgian-style ale with supportive toasty malt flavors and fruit complexity. The dry, tannic finish supports the suggestion of a vintage red wine. **","parsed","BJCP_2021_GUIDELINES.md"
"23","C","European Sour Ale","Oud Bruin","1.040","1.074","1.008","1.012","20","25","17","22","4.0","8.0","** A malty, fruity, aged, somewhat sour Belgian-style brown ale with a caramel-chocolate malt flavor, and often substantial alcohol. **","parsed","BJCP_2021_GUIDELINES.md"
"23","D","European Sour Ale","Lambic","1.040","1.054","1.001","1.010","0","10","3","6","5.0","6.5","** A fairly sour, often moderately funky, wild Belgian wheat beer with sourness taking the place of hop bitterness in the balance. Traditionally served uncarbonated as a cafÃ© drink. **","parsed","BJCP_2021_GUIDELINES.md"
"23","E","European Sour Ale","Gueuze","1.040","1.054","1.000","1.006","0","10","5","6","5.0","8.0","** A very refreshing, highly carbonated, pleasantly sour but balanced wild Belgian wheat beer. The wild beer character can be complex and varied, combining sour, funky, and fruity flavors. **","parsed","BJCP_2021_GUIDELINES.md"
"23","F","European Sour Ale","Fruit Lambic","","","","","","","","","","","** A complex, refreshing, pleasantly sour Belgian wheat beer blending a complementary fermented fruit character with a sour, funky Gueuze. **","review","BJCP_2021_GUIDELINES.md"
"23","G","European Sour Ale","Gose","1.036","1.056","1.006","1.010","5","12","3","4","4.2","4.8","** A tart, lightly-bittered historical central European wheat beer with a distinctive but restrained salt and coriander character. Very refreshing, with a dry finish, high carbonation, and bright flavors. **","parsed","BJCP_2021_GUIDELINES.md"
"24","A","Belgian Ale","Witbier","1.044","1.052","1.008","1.012","8","20","2","4","4.5","5.5","** A pale, hazy Belgian wheat beer with spices accentuating the yeast character. A delicate, lightly spiced, moderate-strength ale that is a refreshing summer drink with its high carbonation, dry finish, and light hopping. **","parsed","BJCP_2021_GUIDELINES.md"
"24","B","Belgian Ale","Belgian Pale Ale","1.048","1.054","1.010","1.014","20","30","8","14","4.8","5.5","** A top-fermented, all malt, average strength Belgian ale that is moderately bitter, not dry-hopped, and without strong flavors. The copper-colored beer lacks the aggressive yeast character or sourness of many Belgian beers, but has a well-balanced, malty, fruity, and often bready and toasty profile. **","parsed","BJCP_2021_GUIDELINES.md"
"24","C","Belgian Ale","BiÃ¨re de Garde","1.060","1.080","1.008","1.016","18","28","6","19","6.0","8.5","** A family of smooth, fairly strong, malty, lagered artisanal French beer with a range of malt flavors appropriate for the blond, amber, or brown color. All are malty yet dry, with clean flavors. Darker versions have more malt character, while paler versions can have more hops while still remaining malt-focused beers. **","parsed","BJCP_2021_GUIDELINES.md"
"25","A","Strong Belgian Ale","Belgian Blond Ale","1.062","1.075","1.008","1.018","15","30","4","6","6.0","7.5","** A golden, moderately-strong Belgian ale with a pleasantly subtle citrusy-spicy yeast complexity, smooth malty palate, and dry, soft finish. **","parsed","BJCP_2021_GUIDELINES.md"
"25","B","Strong Belgian Ale","Saison","1.070","1.095","1.005","1.016","22","35","3","6","7.5","10.5","** A family of refreshing, highly attenuated, hoppy, and fairly bitter Belgian ales with a very dry finish and high carbonation. Characterized by a fruity, spicy, sometimes phenolic fermentation profile, and the use of cereal grains and sometimes spices for complexity. Several variations in strength and color exist. **","parsed","BJCP_2021_GUIDELINES.md"
"26","A","Monastic Ale","Belgian Single","1.044","1.054","1.004","1.010","25","45","3","5","4.8","6.0","** A blond, bitter, hoppy table beer that is very dry and highly carbonated. The aggressive fruity-spicy Belgian yeast character and high bitterness is forward in the balance, with a soft, supportive grainy-sweet malt palate, and a spicy-floral hop profile. **","parsed","BJCP_2021_GUIDELINES.md"
"26","B","Monastic Ale","Belgian Dubbel","1.062","1.075","1.008","1.018","15","25","10","17","6.0","7.6","** A deep reddish-copper, moderately strong, malty, complex Belgian ale with rich malty flavors, dark or dried fruit esters, and light alcohol blended together in a malty presentation that still finishes fairly dry. **","parsed","BJCP_2021_GUIDELINES.md"
"26","C","Monastic Ale","Belgian Tripel","1.075","1.085","1.008","1.014","20","40","4.5","7","7.5","9.5","** A strong, pale, somewhat spicy Belgian ale with a pleasant rounded malt flavor, firm bitterness, and dry finish. Quite aromatic, with spicy, fruity, and light alcohol notes combining with the supportive clean malt character to produce a surprisingly drinkable beverage considering the high alcohol content. **","parsed","BJCP_2021_GUIDELINES.md"
"26","D","Monastic Ale","Belgian Dark Strong Ale","1.075","1.110","1.010","1.024","20","35","12","22","8.0","12.0","** A dark, complex, very strong Belgian ale with a delicious blend of malt richness, dark fruit flavors, and spicy notes. Complex, rich, smooth, and dangerous. **","parsed","BJCP_2021_GUIDELINES.md"
"28","A","American Wild Ale","Brett Beer","","","","","","","","","","","** Most often drier and fruitier than the base style suggests. Fruity or funky notes range from low to high, depending on the age of the beer and strains of Brett used. May possess a light non-lactic acidity. **","review","BJCP_2021_GUIDELINES.md"
"28","B","American Wild Ale","Mixed-Fermentation Sour Beer","","","","","","","","","","","** A sour and funky version of a base style of beer. **","review","BJCP_2021_GUIDELINES.md"
"28","C","American Wild Ale","Wild Specialty Beer","","","","","","","","","","","** An American Wild Ale with fruit, herbs, spices, or other Specialty-Type Ingredients. **","review","BJCP_2021_GUIDELINES.md"
"28","D","American Wild Ale","Straight Sour Beer","1.048","1.065","1.006","1.013","3","8","2","3","4.5","7.0","** A pale, refreshing, sour beer with a clean lactic sourness. A gentle, pale malt flavor supports the lemony sourness with moderate fruity esters. **","parsed","BJCP_2021_GUIDELINES.md"
"29","A","Fruit Beer","Fruit Beer","","","","","","","","","","","** A pleasant integration of fruit with beer, but still recognizable as beer. The fruit character should be evident but in balance with the beer, not so forward as to suggest an artificial product. **","review","BJCP_2021_GUIDELINES.md"
"29","B","Fruit Beer","Fruit and Spice Beer","","","","","","","","","","","** A tasteful union of fruit, spice, and beer, but still recognizable as beer. The fruit and spice character should each be evident but in balance with the beer, not so forward as to suggest an artificial product. **","review","BJCP_2021_GUIDELINES.md"
"29","C","Fruit Beer","Specialty Fruit Beer","","","","","","","","","","","** A appealing combination of fruit, sugar, and beer, but still recognizable as a beer. The fruit and sugar character should both be evident but in balance with the beer, not so forward as to suggest an artificial product. **","review","BJCP_2021_GUIDELINES.md"
"29","D","Fruit Beer","Grape Ale","1.059","1.075","1.004","1.013","10","30","4","8","6.0","8.5","** Combines the profile of a sparkling wine and a relatively neutral base beer allowing the aromatic qualities of the grape to blend pleasantly with hop and yeast aromatics. Can be in a range from refreshing to complex. **","parsed","BJCP_2021_GUIDELINES.md"
"30","A","Spiced Beer","Spice, Herb, or Vegetable Beer","","","","","","","","","","","** An appealing fusion of spices, herbs, or vegetables (SHVs) and beer, but still recognizable as beer. The SHV character should be evident but in balance with the beer, not so forward as to suggest an artificial product. **","review","BJCP_2021_GUIDELINES.md"
"30","B","Spiced Beer","Autumn Seasonal Beer","","","","","","","","","","","** A malty, spiced beer that often has a moderately rich body and slightly warming finish suggesting a good accompaniment for the cool fall season, and often evocative of harvest or Thanksgiving traditions. **","review","BJCP_2021_GUIDELINES.md"
"30","C","Spiced Beer","Winter Seasonal Beer","","","","","","","","","","","** A stronger, darker, spiced beer that often has a rich body and warming finish suggesting a good accompaniment for the cold winter season. **","review","BJCP_2021_GUIDELINES.md"
"30","D","Spiced Beer","Specialty Spice Beer","","","","","","","","","","","** An appealing combination of spices, herbs, or vegetables (SHVs), sugars, and beer, but still recognizable as beer. The SHV and sugar character should both be evident but in balance with the beer, not so forward as to suggest an artificial product. **","review","BJCP_2021_GUIDELINES.md"
"31","A","Alternative Fermentables Beer","Alternative Grain Beer","","","","","","","","","","","** A base beer enhanced by or featuring the character of additional grains. The specific character depends greatly on the added grains. **","review","BJCP_2021_GUIDELINES.md"
"32","A","Smoked Beer","Classic Style Smoked Beer","","","","","","","","","","","** A well-balanced fusion of the malt and hops of the base beer style with a pleasant and agreeable smoke character. **","review","BJCP_2021_GUIDELINES.md"
"32","B","Smoked Beer","Specialty Smoked Beer","","","","","","","","","","","** A well-balanced fusion of the malt and hops of the base specialty beer style with a pleasant and agreeable smoke character. **","review","BJCP_2021_GUIDELINES.md"
"33","A","Wood Beer","Wood-Aged Beer","","","","","","","","","","","** A pleasant enhancement of the base beer style with the characteristics from aging in contact with wood. The best examples will be smooth, flavorful, well-balanced, and well-aged. **","review","BJCP_2021_GUIDELINES.md"
"33","B","Wood Beer","Specialty Wood-Aged Beer","","","","","","","","","","","** An elevation of the base beer style with characteristics from aging in contact with wood, including alcoholic products previously in contact with the wood. The best examples will be smooth, flavorful, well-balanced, and well-aged. **","review","BJCP_2021_GUIDELINES.md"
"34","A","Specialty Beer","Commercial Specialty Beer","","","","","","","","","","","** Based on declared beer. **","review","BJCP_2021_GUIDELINES.md"
"34","B","Specialty Beer","Mixed-Style Beer","","","","","","","","","","","** Based on the declared Base Styles, methods, and ingredients. As with all Specialty-Type Beers, the resulting combination of beer styles needs to be harmonious and balanced, and be pleasant to drink. **","review","BJCP_2021_GUIDELINES.md"
"34","C","Specialty Beer","Experimental Beer","1.045","1.100","1.005","1.015","6","30","4","25","4.5","12","** Varies, but should be a unique experience. **","parsed","BJCP_2021_GUIDELINES.md"
